size,smiles,gsk3b,jnk3,qed,sa
32,COc1ccc2cc(-c3[nH]c(-c4ccc([S@@](C)=O)cc4)nc3-c3ccncc3)ccc2c1,0.69,0.36,0.3811269440011987,0.7826677916277739
22,c1cc(-c2ccnc(Nc3ccc4c(c3)OCO4)n2)ccn1,0.78,0.53,0.799949405987679,0.8739378864975088
19,c1ccc(Nc2nccc(-c3ccccc3)n2)cc1,0.95,0.75,0.7626630429862935,0.934360463764932
21,N#Cc1cccc(-c2ccnc(Nc3ccccc3)n2)c1,0.86,0.64,0.7882008929093238,0.899344808647873
23,Cc1ccc(-c2ccnc(Nc3ccc4c(c3)OCO4)n2)cn1,0.77,0.59,0.8002640467665536,0.8666061388500668
20,Cc1ccc(-c2ccnc(Nc3ccccc3)n2)cn1,0.86,0.7,0.7833048986491562,0.8996206844755569
23,CS(=O)(=O)c1ccc(-c2ccnc(Nc3ccccc3)n2)cc1,0.85,0.7,0.7966994243525549,0.905822620407725
20,Fc1ccc(-c2ccnc(Nc3ccccc3)n2)cc1,0.92,0.73,0.7766543901704424,0.9243990417115412
23,N#Cc1ccc(Nc2nccc(-c3ccc(C#N)cc3)n2)cc1,0.83,0.87,0.7974363248997642,0.880672924829671
22,c1ccc(-c2ccnc(Nc3ccc4c(c3)OCO4)n2)cc1,0.87,0.62,0.7984580683996085,0.8964280962877186
28,c1cnn2ncc(-c3ccnc(Nc4ccc(N5CCOCC5)cc4)n3)c2c1,0.92,0.55,0.5890317021086833,0.8288731543781412
24,Cc1ccc(-c2ccnc(Nc3ccc4c(ccn4C)c3)n2)cn1,0.8,0.58,0.618661743925607,0.8530592610951262
28,N#Cc1cccc(Nc2nccc(Nc3cnc(C4CCOCC4)nc3)n2)c1,0.62,0.51,0.6991375510907882,0.8129048768725143
39,CNC(=O)c1c(F)cccc1Nc1nc(Nc2cc3c(cc2OC)CCN3C(=O)CN(C)C)nc2[nH]ccc12,0.35,0.79,0.2719958064401144,0.7774685392628072
43,CO[C@@H]1[C@H](N(C)C(=O)c2ccccc2)C[C@H]2O[C@]1(C)n1c3ccccc3c3c4c(c5c6ccccc6n2c5c31)C(=O)NC4,0.46,0.78,0.2872183916561939,0.5605309207763742
34,CNC(=O)c1nn(C)c2c1C(C)(C)Cc1cnc(Nc3ccc(N4CCN(C)CC4)cc3)nc1-2,0.49,0.56,0.6183384741740715,0.7867444085341949
22,COc1cc2ncnc(Nc3ccc(C)cc3)c2cc1OC,0.5,0.35,0.7950475618939019,0.9042405061001284
21,COc1cc2ncnc(Nc3ccccc3)c2cc1OC,0.81,0.54,0.7940400286227499,0.9098736456490528
22,COc1cc2ncnc(Nc3ccc(Cl)cc3)c2cc1OC,0.75,0.58,0.7869935859921958,0.9025176733772958
22,COc1cc2ncnc(Nc3cccc(F)c3)c2cc1OC,0.76,0.43,0.7983836473287708,0.895087636747259
23,COc1cc2ncnc(Nc3ccc(C#N)cc3)c2cc1OC,0.68,0.62,0.7965862320279274,0.8845221542072585
22,COc1cc2ncnc(Nc3ccc(F)cc3)c2cc1OC,0.71,0.57,0.7983836473287708,0.9018871483467706
30,COc1cc2ncnc(Nc3ccc(NC(=O)c4ccccc4)cc3)c2cc1OC,0.48,0.78,0.4903132997763833,0.8960795430762458
28,COc1cc2ncnc(Nc3ccc(Oc4ccccc4)cc3)c2cc1OC,0.89,0.83,0.5021188289272573,0.8947461910975194
25,NC(=O)c1ncccc1Nc1nc(Nc2ccc(F)cc2)ncc1Cl,0.71,0.82,0.6461082745962857,0.8573680882399132
24,COc1ccccc1Nc1nc(Nc2ccc(F)cc2)ncc1Cl,0.77,0.75,0.6981404318925082,0.8931560726893291
26,COc1ccccc1Nc1nc(Nc2ccc(C(N)=O)cc2)ncc1Cl,0.84,0.75,0.6115541273044518,0.8836899781861813
23,Fc1cnc(Nc2ccc(N3CCCC3)cc2)nc1NC1CC1,0.69,0.71,0.8841490977114564,0.8731992164484998
22,Fc1cnc(Nc2ccc(N3CCC3)cc2)nc1NC1CC1,0.7,0.7,0.8880490572626221,0.8741594316190537
25,CN1CCN(c2ccc(Nc3ncc(F)c(NC4CC4)n3)cc2)CC1,0.72,0.68,0.8713061699046346,0.8648795635017404
28,CN1CCN(c2ccc(Nc3ncc(Cl)c(Oc4ccccc4)n3)cc2)CC1,0.54,0.72,0.6898327821232597,0.8692184237429229
31,CN1CCN(c2ccc(Nc3ncc(Cl)c(Oc4cccc(C(=O)O)c4)n3)cc2)CC1,0.57,0.69,0.592440972134049,0.8534101041901495
24,CCN(CC)CCCCN1c2ccccc2Oc2ccc(Cl)cc21,0.55,0.72,0.5984951375617662,0.8697025609836433
25,CC(C)Oc1ccc(-c2cnc3c(-c4ccncc4)cnn3c2)cc1,0.56,0.55,0.5612965325683673,0.8549443597785231
23,COc1ccc(-c2cnc3c(-c4ccncc4)cnn3c2)cc1,0.54,0.61,0.5812888866669049,0.8686516139631889
22,Fc1ccc(-c2cnc3c(-c4ccncc4)cnn3c2)cc1,0.6,0.38,0.5662956496790555,0.8653773521600512
27,CCn1cnc2c(Nc3cccc(Cl)c3)nc(N[C@@H]3CCCC[C@H]3N)nc21,0.43,0.74,0.615773915242391,0.7496337533497524
23,CN(C)C(=O)c1ccc(Nc2ncc(F)c(NC3CC3)n2)cc1,0.79,0.64,0.8874276194867746,0.8705389301396596
27,NC(=O)c1cnc(Nc2ccc(-c3cccc(F)c3)cc2)nc1NC1CC1,0.81,0.62,0.6209000099070449,0.8709309037851194
24,Fc1cnc(Nc2ccc(N3CCNCC3)cc2)nc1NC1CC1,0.76,0.65,0.7829346441978693,0.8546487116445767
27,CC(=O)N1CCN(c2ccc(Nc3ncc(F)c(NC4CC4)n3)cc2)CC1,0.8,0.6,0.842903527121358,0.8608845501387657
24,Fc1cnc(Nc2ccc(-c3ccccc3)cc2)nc1NC1CC1,0.76,0.59,0.7211090281476868,0.8922520083478737
25,OC1CCN(c2ccc(Nc3ncc(F)c(NC4CC4)n3)cc2)CC1,0.79,0.68,0.7752253337564189,0.8549667429889202
19,Fc1ccc(Nc2ncc(F)c(NC3CC3)n2)cc1,0.82,0.59,0.8886630942897253,0.8838999749360222
23,OC1CN(c2ccc(Nc3ncc(F)c(NC4CC4)n3)cc2)C1,0.78,0.68,0.7847410656569226,0.8526306498142157
22,NC(=O)c1cnc(Nc2ccc(F)c(F)c2)nc1NC1CC1,0.76,0.52,0.7869801287743983,0.862760260298571
21,NC(=O)c1cnc(Nc2cccc(F)c2)nc1NC1CC1,0.78,0.55,0.7821219812684501,0.8706106537923404
27,CN1CCN(c2ccc(Nc3ncc(C(N)=O)c(NC4CC4)n3)cc2)CC1,0.77,0.6,0.7136980714927134,0.8583954392496549
34,CN(c1nccnc1CNc1nc(Nc2ccc(C(N)=O)cc2)ncc1C(F)(F)F)S(C)(=O)=O,0.68,0.54,0.4250584190505305,0.7972432919088848
32,CN(c1nccnc1CNc1nc(Nc2ccc(F)cc2)ncc1C(F)(F)F)S(C)(=O)=O,0.71,0.51,0.5055426309926093,0.8031598452504904
26,CC(=O)N1[C@@H]2CC[C@H]1c1ccc(Nc3ncc(F)c(NC4CC4)n3)cc12,0.78,0.52,0.8775536261396829,0.6549075546965556
24,CNc1nc(Nc2ccc3c(c2)[C@H]2CC[C@@H]3N2C(C)=O)ncc1F,0.74,0.5,0.906159204145362,0.6525288297786689
31,COc1ccc(Nc2ncc(F)c(Nc3ccc4c(n3)N(C)C(=O)C(C)(C)O4)n2)cc1,0.67,0.43,0.6402203980078447,0.8080180677105501
30,CN1C(=O)C(C)(C)Oc2ccc(Nc3nc(Nc4ccc(F)cc4)ncc3F)nc21,0.71,0.43,0.6738831279343005,0.8052336544820814
29,CN1C(=O)C(C)(C)Oc2ccc(Nc3nc(Nc4ccccc4)ncc3F)nc21,0.72,0.39,0.6979824241459901,0.8105200535395427
32,CN(C)CN1C(=O)C(C)(C)Oc2ccc(Nc3nc(Nc4ccccc4)ncc3F)nc21,0.69,0.44,0.6049010710340393,0.7931714303320755
18,COc1ccc(/C=C2/SC(=O)NC2=O)cc1OC,0.75,0.37,0.8470427096503325,0.8777830039496162
33,C=CC(=O)Nc1cc2c(Nc3ccc(F)c(Cl)c3)ncnc2cc1C#CCN1CCOCC1,0.37,0.59,0.4381778395682892,0.7949294564942261
30,O=C(Nc1cc2c(Nc3ccc(F)c(Cl)c3)ncnc2cc1C#CC1CC1)C1CC1,0.47,0.58,0.5636414409425771,0.8126423724307992
24,CC(C)Nc1nc2cnc(Nc3ccc(F)cc3)nc2n1C(C)C,0.64,0.72,0.7375383584865608,0.8308931531731972
26,Cn1c(Nc2ccccc2)nc2cnc(Nc3ccc(C#N)cc3)nc21,0.73,0.66,0.5876436414346035,0.8524987701765523
26,COc1ccc(Nc2ncc3nc(Nc4ccccc4)n(C)c3n2)cc1,0.77,0.67,0.5713478113091457,0.8691514017554999
20,COc1ccc(Nc2ncc3nc(C)n(C)c3n2)cc1,0.65,0.68,0.7907101740654008,0.8703571743312258
27,CC(C)n1c(N)nc2cnc(Nc3ccc(N4CCN(C)CC4)cc3)nc21,0.59,0.68,0.7332024156393049,0.8327856490398646
27,CC(C)n1c(Nc2cccnc2)nc2cnc(Nc3ccc(F)cc3)nc21,0.59,0.67,0.5459665329022647,0.8334273586123435
30,CN1CCN(c2ccc(Nc3nccc(-c4cn(C)c5cnccc45)n3)cc2)CC1,0.79,0.58,0.5665250816024375,0.8355884913119183
37,C=CCn1c(=O)c2cnc(Nc3ccc(N4CCN(C)CC4)cc3)nc2n1-c1cccc(C(C)(C)O)n1,0.8,0.32,0.3735178701980993,0.7776638315501924
21,Cc1ccc(F)cc1Nc1nccc(-c2cccnc2)n1,0.7,0.62,0.7938800684062471,0.8860138726351815
26,Cc1ccc(-c2ccccc2)cc1Nc1nccc(-c2cnccn2)n1,0.71,0.65,0.5860427740983535,0.8714020957982991
21,Cc1ccc(F)cc1Nc1nccc(-c2cnccn2)n1,0.72,0.52,0.7987394150752449,0.8641858776793175
30,Cc1ccc(C(=O)Nc2cccc(F)c2)cc1Nc1nccc(-c2cnccn2)n1,0.6,0.53,0.5165585235952626,0.8601921867544067
30,Cc1cc(F)ccc1NC(=O)c1cccc(Nc2nccc(-c3cnccn3)n2)c1,0.62,0.52,0.5165585235952626,0.8613444413963166
31,c1cn2cc(-c3ccc4c[nH]nc4c3)nc(Nc3ccc(N4CCOCC4)cc3)c2n1,0.32,0.45,0.4673853179402379,0.8009134842702602
25,Nc1ccc2ncnc(Nc3ccc(Oc4ccccc4)cc3)c2c1,0.75,0.65,0.52897265155875,0.8965055337027109
25,Nc1ccc2ncnc(Nc3ccc(-c4ccc(F)cc4)cc3)c2c1,0.78,0.54,0.5315414342988314,0.8947338223707256
25,Nc1ccc2ncnc(Nc3ccc(-c4ccccc4F)cc3)c2c1,0.72,0.57,0.5315414342988314,0.8902842965540765
26,Fc1ccc2ncnc(Nc3ccc(OCc4ccccc4)cc3)c2c1,0.76,0.55,0.5470899263682921,0.906210087806291
24,Fc1ccc2ncnc(Nc3ccc(-c4ccccc4)cc3)c2c1,0.68,0.63,0.5658688702746002,0.911677635959698
27,Fc1cccc(COc2ccc(Nc3ncnc4ccc(F)cc34)cc2)c1,0.74,0.53,0.5273355612298408,0.8918362693056747
24,Nc1ccc2ncnc(Nc3ccc(-c4ccccc4)cc3)c2c1,0.68,0.57,0.541661268595766,0.9031322405100776
26,Nc1ccc2ncnc(Nc3ccc(Oc4cccc(F)c4)cc3)c2c1,0.67,0.59,0.5149149545674478,0.8823803491239208
27,Nc1ccc2ncnc(Nc3ccc(OCc4cccc(F)c4)cc3)c2c1,0.68,0.51,0.5059190954820706,0.8841562303572815
26,Nc1ccc2ncnc(Nc3ccc(OCc4ccccc4)cc3)c2c1,0.73,0.51,0.5211687292589688,0.8983305673267705
18,Nc1ncnc2n[nH]c(Nc3ccc(F)cc3)c12,0.7,0.48,0.6390123456612439,0.8298567672632257
22,Fc1ccccc1Nc1nc(Nc2ccccc2)ncc1F,0.89,0.65,0.7560428283782025,0.8981137242014715
22,Fc1cnc(Nc2ccccc2)nc1Nc1ccc(Cl)cc1,0.84,0.57,0.7289143504246572,0.9039243011245484
22,Fc1ccc(Nc2ncc(F)c(Nc3ccccc3)n2)cc1,0.88,0.62,0.7560428283782025,0.9033036280476254
21,Fc1cnc(Nc2ccccc2)nc1Nc1ccccc1,0.92,0.55,0.7549981290947186,0.9112579600126371
22,Oc1cccc(Nc2ncc(F)c(Nc3ccccc3)n2)c1,0.81,0.53,0.6827147733599391,0.8881108395860868
22,Fc1cnc(Nc2ccc(Br)cc2)nc1Nc1ccccc1,0.86,0.65,0.6982101251732772,0.8974764645860868
22,Fc1cnc(Nc2ccccc2)nc1Nc1ccc(Br)cc1,0.86,0.65,0.6982101251732774,0.8974764645860868
22,Fc1ccc(Nc2nc(Nc3ccccc3)ncc2F)cc1,0.88,0.62,0.7560428283782025,0.9033036280476254
22,Oc1cccc(Nc2nc(Nc3ccccc3)ncc2F)c1,0.81,0.53,0.6827147733599391,0.8881108395860868
22,Fc1cnc(Nc2ccc(Cl)cc2)nc1Nc1ccccc1,0.84,0.57,0.7289143504246572,0.9039243011245484
22,Fc1cccc(Nc2nc(Nc3ccccc3)ncc2F)c1,0.85,0.56,0.7560428283782025,0.8966103588168561
27,C/C=C\C(=O)Nc1cc2c(Nc3ccc(F)c(Cl)c3)ncnc2cc1OC,0.52,0.57,0.6219925843338082,0.844629279094021
27,COc1cc2ncnc(Nc3ccc(F)c(Cl)c3)c2cc1NC(=O)C1CC1,0.51,0.59,0.6736748042114302,0.8671064046000938
27,C/C=C/C(=O)Nc1cc2c(Nc3ccc(F)c(Cl)c3)ncnc2cc1OC,0.52,0.57,0.6219925843338082,0.844629279094021
25,Nc1ccc(Nc2ncnc3cc(-c4ccc(F)cc4)ccc23)cc1,0.7,0.53,0.5315414342988314,0.891876920368618
26,COc1ccccc1-c1ccc2c(Nc3ccc(F)cc3)ncnc2c1,0.69,0.53,0.552942917794335,0.8965967458850544
25,Nc1cnccc1-c1ccc2c(Nc3ccc(F)cc3)ncnc2c1,0.73,0.57,0.5893994704437816,0.8650781848575537
26,N#Cc1ccc(Nc2ncnc3cc(-c4ccccc4F)ccc23)cc1,0.62,0.57,0.56667391126443,0.8804904705814107
24,Nc1ccc(Nc2ncnc3cc(-c4ccccc4)ccc23)cc1,0.65,0.55,0.541661268595766,0.9001948623952346
24,Fc1ccc(Nc2ncnc3cc(-c4cccnc4)ccc23)cc1,0.66,0.48,0.6011128792072391,0.8895736272923092
25,Fc1ccc(Nc2ncnc3cc(-c4ccccc4F)ccc23)cc1,0.68,0.56,0.5513328414826646,0.8962491016120322
25,Fc1ccccc1-c1ccc2c(Nc3ccc(Cl)cc3)ncnc2c1,0.65,0.55,0.5051071821500523,0.8967932533507044
31,c1cc(-c2ccc(N3CCOCC3)cc2)nc(Nc2ccc(N3CCOCC3)cc2)n1,0.81,0.9,0.6810022822592564,0.8649722104902767
23,CS(=O)(=O)c1ccc(Nc2nccc(-c3ccccc3)n2)cc1,0.85,0.84,0.7966994243525549,0.9068100329951374
20,Fc1ccc(Nc2nccc(-c3ccccc3)n2)cc1,0.9,0.83,0.7766543901704422,0.9255036049449176
20,Fc1ccc(Nc2nccc(-c3ccncc3)n2)cc1,0.85,0.77,0.7887769354569395,0.9003450651795983
25,c1ccc(-c2ccnc(Nc3ccc(N4CCOCC4)cc3)n2)cc1,0.8,0.9,0.7888969157517117,0.8970544096555868
21,Fc1ccc(Nc2nccc(-c3ccc(F)cc3)n2)cc1,0.91,0.85,0.7837517154076079,0.91591778184073
25,c1cc(-c2ccnc(Nc3ccc(N4CCOCC4)cc3)n2)ccn1,0.81,0.79,0.7913650761487765,0.8772630250402023
22,N#Cc1ccc(-c2ccnc(Nc3ccc(F)cc3)n2)cc1,0.82,0.8,0.7943637961399361,0.8976360799707022
25,N#Cc1ccc(Nc2nccc(-c3ccc(S(N)(=O)=O)cc3)n2)cc1,0.78,0.89,0.7441070244567904,0.8790900817393718
23,COc1ccc(Nc2nccc(-c3ccc(OC)cc3)n2)cc1,0.85,0.73,0.7743487027908672,0.9184520293072832
21,COc1ccc(/C=C2/C(=O)Nc3ccccc32)cc1OC,0.73,0.42,0.8788486956179424,0.8992406233707846
21,COc1ccc(OC)c(/C=C2/C(=O)Nc3ccccc32)c1,0.73,0.51,0.8788486956179424,0.8914975464477075
21,COc1ccc(/C=C2/C(=O)Nc3ccccc32)c(OC)c1,0.67,0.51,0.8788486956179424,0.8904167772169385
30,Cc1ccc([C@H](C)n2ccc(-c3ccnc(Nc4ccncc4)n3)cc2=O)cc1F,0.64,0.47,0.5330289889203432,0.773059510843854
29,C[C@H](c1cccc(F)c1)n1ccc(-c2ccnc(Nc3cnn(C)c3)n2)cc1=O,0.74,0.41,0.564073101891071,0.7645289811715179
28,Cn1cc(Nc2nccc(-c3ccn(Cc4ccccc4F)c(=O)c3)n2)cn1,0.68,0.44,0.579425655586261,0.833446455151442
28,Cn1cc(Nc2nccc(-c3ccn(Cc4ccc(F)cc4)c(=O)c3)n2)cn1,0.65,0.45,0.579425655586261,0.8388673478390015
30,Cn1cc(Nc2nccc(-c3ccn(CCc4ccc(F)c(F)c4)c(=O)c3)n2)cn1,0.7,0.42,0.5297453747417454,0.8209403330748065
30,C[C@H](c1ccc(F)c(F)c1)n1ccc(-c2ccnc(Nc3cnn(C)c3)n2)cc1=O,0.73,0.45,0.5452638190976681,0.7575926898399605
29,C#Cc1cccc(Nc2ncnc3cc4c(cc23)OCCOCCOCCO4)c1,0.46,0.31,0.6727670764195051,0.7699589529369335
19,COc1ccc(Cc2cnc(N)nc2N)cc1OC,0.48,0.37,0.8583914380649984,0.8819103173539118
24,O=C(Nc1cccc(C(F)(F)F)n1)Nc1ccnc2ccccc12,0.81,0.31,0.7354070209301681,0.8714788086064384
21,COc1ccc(Nc2ncnc3ccc(OC)cc23)cc1,0.49,0.38,0.7940400286227499,0.9144998751572496
28,CNC(=O)c1ccccc1Sc1ccc2c(/C=C/c3ccccn3)[nH]nc2c1,0.45,0.74,0.5241908173512972,0.8117747089211592
35,CN[C@@H]1C[C@H]2O[C@@](C)([C@@H]1OC)n1c3ccccc3c3c4c(c5c6ccccc6n2c5c31)C(=O)NC4,0.77,0.89,0.4058424794083466,0.5607049273584147
40,Cc1cccc(C)c1-n1c(=O)c2cnc(Nc3ccc(N4CCN(C)CC4)cc3)nc2n2c3ccccc3nc12,0.44,0.32,0.3539489246447815,0.8088070155901761
23,Clc1ccc(Nc2ncc(Cl)c(Nc3ccccc3Cl)n2)cc1,0.77,0.79,0.6018936947552039,0.8923648115499159
26,COc1ccc(Nc2ncc(Cl)c(Nc3ccccc3C(N)=O)n2)cc1,0.79,0.9,0.6115541273044517,0.883145071741275
23,Fc1cccc(Nc2ncc(Cl)c(Nc3ccccc3Cl)n2)c1,0.8,0.68,0.6612651068351716,0.8852725038576081
25,NC(=O)c1ccccc1Nc1nc(Nc2ccc(F)cc2)ncc1Cl,0.76,0.95,0.644469381672002,0.8815416527036185
24,NC(=O)c1ccccc1Nc1nc(Nc2ccccc2)ncc1Cl,0.9,0.82,0.65845859482982,0.8887620927562188
22,Clc1ccccc1Nc1nc(Nc2ccccc2)ncc1Cl,0.85,0.66,0.6836106088762764,0.8993423299707022
25,O=C(O)c1ccc(Nc2ncc(Cl)c(Nc3ccccc3Cl)n2)cc1,0.9,0.74,0.5838078667733789,0.8866441445779414
25,NC(=O)c1ccc(Nc2ncc(Cl)c(Nc3ccccc3Cl)n2)cc1,0.9,0.86,0.6167643952262963,0.8825635378607151
25,NC(=O)c1ccccc1Nc1nc(Nc2ccc(Cl)cc2)ncc1Cl,0.86,0.99,0.6167643952262964,0.8821011326602817
23,Fc1ccc(Nc2ncc(Cl)c(Nc3ccccc3Cl)n2)cc1,0.78,0.79,0.6612651068351716,0.8917629467480511
27,NC(=O)c1ccccc1Nc1nc(Nc2ccc(C(=O)O)cc2)ncc1Cl,0.9,0.85,0.5126050604154713,0.8764521535879484
27,O=c1cc(-c2cccc3c2Sc2ccccc2S3)oc(N2CCOCC2)c1,0.66,0.65,0.4875339070279657,0.7855391880009035
23,Fc1ccc(Nc2ncc(Cl)c(Nc3ccccc3F)n2)cc1,0.78,0.8,0.7134741531129651,0.8911778651629694
24,COc1ccc(Nc2ncc(Cl)c(Nc3ccccc3F)n2)cc1,0.73,0.84,0.6981404318925082,0.8930635420315812
25,O=C(O)c1ccc(Nc2ncc(Cl)c(Nc3ccccc3F)n2)cc1,0.9,0.74,0.624069950542025,0.8861002659213868
26,COc1ccccc1Nc1nc(Nc2ccc(C(=O)O)cc2)ncc1Cl,0.83,0.68,0.5939841933681541,0.8876051549013582
23,Fc1ccccc1Nc1nc(Nc2ccc(Cl)cc2)ncc1Cl,0.79,0.82,0.6612651068351717,0.8917797299648343
25,NC(=O)c1ccc(Nc2ncc(Cl)c(Nc3ccccc3F)n2)cc1,0.9,0.87,0.644469381672002,0.8820196592041601
26,CNC(=O)c1ccccc1Nc1nc(Nc2ccc(F)cc2)ncc1Cl,0.71,0.8,0.628509918177078,0.8783856122818156
28,CNC(=O)c1ccc(Nc2ncc(Cl)c(Nc3ccccc3C(N)=O)n2)cc1,0.78,0.85,0.507562505789678,0.8710070812108024
27,N#Cc1ccc(Nc2ncc3cccc(-c4cccc(C#N)c4)c3n2)cc1,0.6,0.77,0.576034917334072,0.8565889470077196
31,CN(C)C(=O)c1ccc(Nc2ncc3cccc(-c4cccc(C(=O)O)c4)c3n2)cc1,0.66,0.81,0.5031455275803397,0.8638867679758019
27,O=C(O)c1cccc(-c2cccc3cnc(Nc4ccc(Cl)cc4)nc23)c1,0.66,0.79,0.4996843929995175,0.8810948142336452
27,O=C(O)c1cccc(-c2cccc3cnc(Nc4ccc(F)cc4)nc23)c1,0.75,0.8,0.543215652418002,0.8805855440166828
25,Fc1ccc(Nc2ncc3cccc(-c4cccc(F)c4)c3n2)cc1,0.68,0.75,0.5513328414826646,0.8855422522969637
29,CN(C)C(=O)c1ccc(Nc2ncc3cccc(-c4cccc(F)c4)c3n2)cc1,0.64,0.82,0.5430005740138408,0.8690803984840488
27,NC(=O)c1cccc(-c2cccc3cnc(Nc4ccc(F)cc4)nc23)c1,0.72,0.75,0.5705228499108765,0.8769058595985368
27,NC(=O)c1cccc(-c2cccc3cnc(Nc4cccc(F)c4)nc23)c1,0.68,0.64,0.5705228499108765,0.8714139463835466
30,NC(=O)COc1cccc(-c2cccc3cnc(Nc4ccc(F)c(F)c4)nc23)c1,0.54,0.6,0.5013236734457908,0.8552829091034292
25,Fc1cccc(Nc2ncc3cccc(-c4cccc(F)c4)c3n2)c1,0.67,0.7,0.5513328414826646,0.8796741806425905
28,NC(=O)c1cccc(-c2cccc3cnc(Nc4ccc(F)cc4F)nc23)c1,0.54,0.65,0.5525451817312264,0.8624099950374818
27,NS(=O)(=O)c1cccc(-c2cccc3cnc(Nc4ccccc4)nc23)c1,0.71,0.6,0.5659892891502117,0.8741425459890694
28,N#Cc1cccc(-c2cccc3cnc(Nc4ccc(C#N)c(F)c4)nc23)c1,0.56,0.68,0.5566689699461131,0.8408844418560955
31,Fc1cccc(-c2cccc3cnc(Nc4ccc(N5CCNCC5)c(F)c4)nc23)c1,0.52,0.58,0.5029366179368182,0.8426616623122347
27,CN(C)c1ccc(Nc2ncc3cccc(-c4cccc(F)c4)c3n2)cc1,0.57,0.76,0.5411866363250762,0.8711494493421265
29,Oc1ncc(Br)c2nc(NC3CC3)nc(Nc3ccc(-c4ccccc4)cc3)c12,0.5,0.45,0.3752960963597848,0.8261808817357369
30,Nc1ncc(Br)c2nc(NC3CC3)nc(Nc3ccc(Oc4ccccc4)cc3)c12,0.58,0.41,0.3484064124325785,0.8343967844555562
37,Cc1ccc(NC(=O)c2ccc(CN3CCN(C)CC3)cc2)cc1Nc1nccc(-c2cccnc2)n1,0.77,0.33,0.389416162629646,0.852037803874165
23,NS(=O)(=O)c1ccc(Nc2nccc(-c3ccccc3)n2)cc1,0.86,0.89,0.7675049207830676,0.9042067695918742
24,CS(=O)(=O)Nc1ccc(-c2ccnc(Nc3ccccc3)n2)cc1,0.82,0.91,0.744631479983182,0.8990998853983593
25,CC(C)(C)c1ccc(-c2ccnc(Nc3ccc(C#N)cc3)n2)cc1,0.84,0.79,0.7300236550735707,0.8825386191174864
25,CN(C)c1ccc(Nc2nccc(-c3ccc(N(C)C)cc3)n2)cc1,0.86,0.78,0.7638602722028472,0.883518250753456
27,CS(=O)(=O)c1ccc(Nc2nccc(-c3ccc(S(N)(=O)=O)cc3)n2)cc1,0.84,0.88,0.6638474376368096,0.879148739282955
23,NC(=O)c1ccc(Nc2nccc(-c3ccc(F)cc3)n2)cc1,0.81,0.85,0.77565064862791,0.9053014082865128
27,COc1cccc(-c2ccnc(Nc3ccc(N4CCOCC4)cc3)n2)c1,0.82,0.76,0.7462337297804001,0.884653803385519
24,NS(=O)(=O)c1ccc(-c2ccnc(Nc3ccc(Br)cc3)n2)cc1,0.78,0.87,0.6942900646276176,0.890042383267072
23,NS(=O)(=O)c1ccc(-c2ccnc(Nc3ccccc3)n2)cc1,0.86,0.74,0.7675049207830676,0.9032193570044612
22,NC(=O)c1ccc(-c2ccnc(Nc3ccccc3)n2)cc1,0.82,0.76,0.7736673533089602,0.9133038684322404
22,O=CNc1ccc(-c2ccnc(Nc3ccccc3)n2)cc1,0.84,0.88,0.7061795752655663,0.890425162810939
21,CNc1ccc(-c2ccnc(Nc3ccccc3)n2)cc1,0.91,0.79,0.757768713108817,0.9082758260176002
29,COc1ccc(Nc2ncc3cc(-c4cc(OC)cc(OC)c4)ccc3n2)cc1,0.59,0.68,0.4984648569793526,0.8784940685489236
29,COc1cc(OC)c(Cl)c(-c2ccc3nc(Nc4ccc(F)cc4)ncc3c2)c1,0.6,0.68,0.4477345858017482,0.859416635740768
29,COc1cc(OC)c(Cl)c(-c2ccc3nc(Nc4ccccc4)ncc3c2)c1Cl,0.6,0.5,0.4022716214683001,0.8481132066397485
34,C=CC(=O)Nc1cc2c(Nc3ccc(F)c(Cl)c3)ncnc2cc1OCCCN1CCOCC1,0.43,0.76,0.3429726304570578,0.8217698140810289
30,O=c1cc(N2CCOCC2)oc2c(-c3cccc4c3sc3ccccc34)cccc12,0.33,0.45,0.3742506554581847,0.827222562577731
29,CN1CCN(c2ccc3nc(-c4c(N)c5c(F)cccc5[nH]c4=O)[nH]c3c2)CC1,0.69,0.59,0.4874373998840835,0.8180034754071256
25,CC(C)N(CCC(=O)c1ccc2ccccc2c1)Cc1ccccc1,0.67,0.65,0.5458796961954645,0.899019948117125
20,CNc1nc(Nc2ccc(Cl)cc2)ncc1C(F)(F)F,0.73,0.54,0.9015954250288754,0.8702960382743002
25,COc1ccc(Nc2ncc(F)c(Nc3ccccc3OC)n2)cc1,0.79,0.67,0.7034342958363422,0.8940231532453305
25,COc1ccc(Nc2ncc(Cl)c(Nc3ccc(OC)cc3)n2)cc1,0.69,0.65,0.6705335092272477,0.8991034951256722
24,COc1ccc(Nc2ncc(F)c(Nc3ccccc3Cl)n2)cc1,0.78,0.71,0.6981404318925082,0.8930432521765087
26,CN(C)C(=O)c1ccc(Nc2ncc(C(F)(F)F)c(NC3CC3)n2)cc1,0.79,0.58,0.8485237035292637,0.8538472590857159
25,CS(=O)(=O)c1ccc(Nc2nc(Nc3ccccc3)ncc2F)cc1,0.84,0.62,0.7261075326468442,0.8866187924652653
32,CN(c1ncccc1CNc1nc(Nc2ccc(F)cc2)ncc1C(F)(F)F)S(C)(=O)=O,0.74,0.53,0.5071364521240338,0.8200488312644766
26,COc1ccc(Nc2nc(Nc3ccccc3)ncc2C(F)(F)F)cc1,0.71,0.54,0.6711513291474086,0.8849149262111295
23,CNc1nc(Nc2ccc(S(C)(=O)=O)cc2)ncc1C(F)(F)F,0.78,0.58,0.8855029694748858,0.8566002127078975
25,CS(=O)(=O)c1ccc(Nc2ncc(C(F)(F)F)c(NCCN)n2)cc1,0.81,0.53,0.7083490674101817,0.8451897822046062
25,Nc1nccc(-c2c(-c3ccc(F)cc3)ncn2C2CCCCC2)n1,0.5,0.31,0.7761388978158189,0.8464379319597666
26,N#Cc1ccc(Nc2ncc(Cl)c(Nc3ccccc3C(N)=O)n2)cc1,0.79,0.97,0.6365290105781194,0.8660423690385723
21,O=C1Nc2ccc(Br)cc2C1=Cc1cc(Br)c(O)c(Br)c1,0.72,0.38,0.5611204560216171,0.8378589611249845
39,Cc1ccc(-n2nc(C(C)(C)C)cc2NC(=O)Nc2ccc(OCCN3CCOCC3)c3ccccc23)cc1,0.71,0.71,0.3087842866419347,0.832098496805265
32,COc1cc2nccc(Oc3ccc(NC(=O)Nc4cc(C)on4)c(Cl)c3)c2cc1OC,0.79,0.67,0.3878703691582941,0.8453124503377106
34,CN(C)CC=CC(=O)Nc1cc2c(Nc3ccc(F)c(Cl)c3)ncnc2cc1OC1CCOC1,0.34,0.74,0.4572933534123706,0.747018369021523
24,Nc1cccc(-c2cc3c(Oc4cccc(O)c4)ncnc3[nH]2)c1,0.73,0.67,0.5003390334672705,0.8372342061500712
26,CS(=O)(=O)c1ccc(Nc2ncc(Cl)c(Nc3ccccc3Cl)n2)cc1,0.79,0.73,0.6370879262239928,0.8759718082776006
24,COc1ccccc1Nc1nc(Nc2ccc(Br)cc2)ncc1Cl,0.8,0.74,0.5959122389235071,0.8877511674496412
31,CN1CCN(c2ccc(Nc3ncc(Cl)c(Nc4ccc(C(N)=O)cc4)n3)cc2)CC1,0.86,0.67,0.542552351390608,0.8621108820639611
25,NC(=O)c1ccc(Nc2nc(Nc3ccccc3F)ncc2Cl)cc1,0.76,0.83,0.644469381672002,0.8815384024327625
25,NC(=O)c1ccc(Nc2nc(Nc3cccc(F)c3)ncc2Cl)cc1,0.8,0.7,0.644469381672002,0.8806645129419718
24,COc1ccccc1Nc1nc(Nc2cccc(F)c2)ncc1Cl,0.81,0.67,0.6981404318925082,0.8869478229680359
25,CS(=O)(=O)c1ccc(Nc2nc(Nc3ccccc3)ncc2Cl)cc1,0.81,0.63,0.7012588687181117,0.8871823894316793
24,NC(=O)c1ccc(Nc2nc(Nc3ccccc3)ncc2Cl)cc1,0.92,0.66,0.65845859482982,0.8940677783749478
26,O=C(O)c1ccc(Nc2nc(Nc3ccc(Cl)cc3)ncc2Cl)c(Cl)c1,0.8,0.73,0.5066001884626528,0.8750982571711727
27,CNC(=O)c1ccc(Nc2ncc(Cl)c(Nc3ccccc3OC)n2)cc1,0.8,0.7,0.5962331335139173,0.8818298048840205
27,COc1cc(Br)ccc1Nc1nc(Nc2ccc(C(N)=O)cc2)ncc1Cl,0.78,0.69,0.5134598208628898,0.8664009390130494
27,COc1cc(C(N)=O)ccc1Nc1nc(Nc2ccc(Cl)cc2)ncc1Cl,0.76,0.67,0.5637366612000907,0.8728754329401749
29,CN1CCN(c2ccc(Nc3nc(Nc4cccc(O)c4)ncc3Cl)cc2)CC1,0.7,0.67,0.5847326550334766,0.8594898560947113
26,N#Cc1ccc(Nc2ncc(Cl)c(Nc3ccc(C(=O)O)cc3)n2)cc1,0.81,0.6,0.6212029231196508,0.8749047391009425
28,CC(C)(C)c1cccc(Nc2ncc(Cl)c(Nc3ccc(C(N)=O)cc3)n2)c1,0.8,0.63,0.5639728222382293,0.8669654338934978
27,COc1cc(C(=O)O)ccc1Nc1nc(Nc2ccc(Cl)cc2)ncc1Cl,0.76,0.67,0.5324432109916063,0.8766519511587985
26,O=C(O)c1ccc(Nc2nc(Nc3ccc(F)c(F)c3)ncc2Cl)cc1,0.87,0.65,0.6032164470265156,0.8767926723450399
26,N#Cc1ccc(Nc2ncc(Cl)c(Nc3ccc(C(N)=O)cc3)n2)cc1,0.8,0.64,0.6365290105781194,0.8709895623857656
29,CN1CCN(c2ccc(Nc3nc(Nc4cccc(Br)c4)ncc3Cl)cc2)CC1,0.74,0.7,0.5355722128768352,0.861866229721085
33,CN1CCN(c2ccc(Nc3nc(Nc4ccc(C(=O)N(C)C)cc4)ncc3Cl)cc2)CC1,0.72,0.67,0.5678067498963171,0.8546523042847335
26,CS(=O)(=O)c1ccc(Nc2nc(Nc3cccc(F)c3)ncc2Cl)cc1,0.74,0.67,0.6778692478509961,0.8741248114388228
27,COc1ccccc1Nc1nc(Nc2ccc(S(C)(=O)=O)cc2)ncc1Cl,0.78,0.68,0.6401129582123173,0.8770819106729684
31,CC(=O)N1CCN(c2ccc(Nc3nc(Nc4ccccc4F)ncc3Cl)cc2)CC1,0.72,0.67,0.6112935011102091,0.8612782113638746
26,CC(C)(C)c1ccc(Nc2nc(Nc3ccc(F)cc3)ncc2Cl)cc1,0.76,0.69,0.5861782049151306,0.8809933045895078
26,CS(=O)(=O)c1cccc(Nc2ncc(Cl)c(Nc3ccccc3F)n2)c1,0.79,0.63,0.6778692478509961,0.869632925242827
30,CC(=O)N1CCN(c2ccc(Nc3nc(Nc4ccccc4)ncc3Cl)cc2)CC1,0.8,0.61,0.6387309316613301,0.872060798602329
24,c1coc(-c2ccnc(Nc3ccc(N4CCOCC4)cc3)n2)c1,0.72,0.53,0.7948442672893568,0.8705061841720492
25,c1ccc(-c2ccnc(Nc3ccc(N4CCOCC4)cc3)n2)nc1,0.73,0.66,0.7913650761487765,0.8773424096555869
25,Cn1cc(-c2ccnc(Nc3ccc(N4CCOCC4)cc3)n2)cn1,0.77,0.84,0.7892611939079514,0.8598371345343117
25,Cn1cccc1-c1ccnc(Nc2ccc(N3CCOCC3)cc2)n1,0.78,0.76,0.7940309583793177,0.8579745565717336
25,c1cncc(-c2ccnc(Nc3ccc(N4CCOCC4)cc3)n2)c1,0.73,0.88,0.7913650761487764,0.8776712301684074
28,Fc1cccc(Nc2nc(Nc3ccc(-c4ccccc4)cc3)ncc2F)c1,0.79,0.72,0.4559595969917348,0.8897927201781949
29,CN1CCN(c2ccc(Nc3ncc(F)c(Nc4ccccc4F)n3)cc2)CC1,0.79,0.78,0.6801437327867224,0.866634727889583
27,Fc1cnc(Nc2ccccc2)nc1Nc1ccc(-c2ccccc2)cc1,0.81,0.68,0.4765146291543231,0.9023697649239806
27,Fc1ccccc1Nc1nc(Nc2ccc(N3CCCC3)cc2)ncc1F,0.68,0.82,0.6756466902832705,0.8758750229570867
25,NS(=O)(=O)c1ccc(Nc2ncc(F)c(Nc3ccccc3)n2)cc1,0.87,0.64,0.6460367356238105,0.8841988574706825
25,NC(=O)c1ccc(Nc2ncc(F)c(Nc3ccccc3Cl)n2)cc1,0.89,0.79,0.644469381672002,0.881999940894301
27,CN(C)C(=O)c1ccc(Nc2ncc(F)c(Nc3ccccc3Cl)n2)cc1,0.79,0.71,0.6782383251340269,0.8747659187701345
25,NC(=O)c1ccc(Nc2ncc(F)c(Nc3ccccc3F)n2)cc1,0.91,0.79,0.6617366011050438,0.8814560622377464
27,CN(C)C(=O)c1ccc(Nc2ncc(F)c(Nc3ccccc3F)n2)cc1,0.81,0.76,0.7127998675285773,0.8742578216041426
25,COc1ccc(Nc2ncc(F)c(Nc3ccc(OC)cc3)n2)cc1,0.74,0.64,0.7034342958363422,0.8985477258949032
23,COc1ccc(Nc2ncc(F)c(Nc3ccccc3)n2)cc1,0.76,0.6,0.7423816573436289,0.9049762543359856
24,O=C(O)c1ccc(Nc2ncc(F)c(Nc3ccccc3)n2)cc1,0.96,0.61,0.6615168638387949,0.8976867304373781
25,O=C(O)c1ccc(Nc2ncc(F)c(Nc3ccccc3Cl)n2)cc1,0.91,0.66,0.624069950542025,0.8860805476115277
25,O=C(O)c1ccc(Nc2ncc(F)c(Nc3cccc(F)c3)n2)cc1,0.88,0.7,0.650930021205478,0.8841815226927844
25,O=C(O)c1cccc(Nc2nc(Nc3ccc(F)cc3)ncc2F)c1,0.81,0.7,0.6509300212054779,0.88557545552052
24,NC(=O)c1ccc(Nc2nc(Nc3ccccc3)ncc2F)cc1,0.92,0.62,0.6702732523594236,0.8934878452645799
28,Fc1cnc(Nc2ccc(-c3ccccc3)cc2)nc1Nc1ccccc1Cl,0.8,0.69,0.4123108822616528,0.8914369978517408
27,Fc1ccc(Nc2nccc(Nc3ccc(-c4ccccc4)cc3)n2)cc1,0.81,0.68,0.476514629154323,0.9017214956932113
23,Fc1ccc(Nc2ncc(F)c(Nc3cccc(F)c3)n2)cc1,0.83,0.69,0.7497184266838454,0.8891137625988671
31,CNC(=O)c1cccc(Nc2nc(Nc3ccc(N4CCCCC4)cc3)ncc2F)c1,0.64,0.7,0.5465112882253825,0.8627264260954601
28,NC(=O)c1ccc(Nc2nc(Nc3ccc(N4CCC4)cc3)ncc2F)cc1,0.76,0.71,0.608290194793459,0.8734736488836359
26,Fc1cnc(Nc2ccccc2)nc1Nc1ccc(-n2cccn2)cc1,0.71,0.73,0.5641986472829318,0.8717857121819154
25,CN(C)c1cccc(Nc2nc(Nc3ccc(Br)cc3)ncc2F)c1,0.69,0.71,0.6339377275326725,0.8671901900817335
27,CN(C)c1cccc(Nc2nc(Nc3ccc(C(=O)O)cc3)ncc2F)c1,0.75,0.73,0.6092001486797427,0.8679519511587984
28,Fc1ccccc1Nc1nc(Nc2ccc(N3CCCCC3)cc2)ncc1F,0.67,0.73,0.6335985071052337,0.8737079171763187
27,CN(C)S(=O)(=O)c1ccc(Nc2ncc(F)c(Nc3ccccc3)n2)cc1,0.79,0.62,0.6744729633721234,0.8782116677579886
29,CN(C)c1cccc(Nc2nc(Nc3ccc(N4CCCC4)cc3)ncc2F)c1,0.6,0.77,0.6302823346306503,0.8593995630544183
24,N#Cc1ccc(Nc2ncc(F)c(Nc3ccccc3Br)n2)cc1,0.72,0.66,0.6800608050867573,0.8660548463794071
25,NC(=O)c1ccc(Nc2ncc(F)c(Nc3cccc(F)c3)n2)cc1,0.84,0.71,0.6617366011050438,0.8801009159755578
23,CNc1ccc(Nc2nc(Nc3ccccc3)ncc2F)cc1,0.82,0.59,0.6608265959232067,0.8887408926827134
29,Cc1cc(Nc2ncc(F)c(Nc3ccc(N4CCNCC4)cc3)n2)ccc1Cl,0.6,0.66,0.5741087663189381,0.8509905886954439
27,NS(=O)(=O)c1ccc(Nc2ncc(F)c(Nc3ccc(Br)c(F)c3)n2)cc1,0.88,0.66,0.5409217364343772,0.8548301751803908
28,CC(C)(C)c1cccc(Nc2nc(Nc3ccc(C(N)=O)cc3)ncc2F)c1,0.82,0.69,0.6068900744781316,0.8664524161420185
25,O=C(O)c1ccc(Nc2nc(Nc3cccc(Br)c3)ncc2F)cc1,0.85,0.72,0.579021501192858,0.8793314685216035
26,NS(=O)(=O)c1ccc(Nc2nc(Nc3cccc(F)c3)ncc2F)cc1,0.84,0.67,0.6306408922214567,0.8712230200794973
26,Fc1cnc(Nc2ccc(-n3cccn3)cc2)nc1Nc1ccccc1,0.71,0.73,0.5641986472829318,0.8717857121819154
28,N#Cc1cccc(Nc2nc(Nc3ccc(-n4cccn4)cc3)ncc2F)c1,0.64,0.74,0.5472960016067782,0.8471315569511779
27,Fc1cccc(Nc2nc(Nc3ccc(-n4cccn4)cc3)ncc2F)c1,0.71,0.75,0.5484026420171327,0.8597459090330359
26,CN(C)C(=O)c1ccc(Nc2ncc(F)c(Nc3ccccc3)n2)cc1,0.79,0.64,0.7315162635212611,0.885742992739196
23,Fc1ccc(Nc2ncc(F)c(Nc3cccc(Br)c3)n2)cc1,0.81,0.69,0.6716832407261261,0.8838962800813844
27,COc1ccccc1Nc1nc(Nc2ccc(C(C)(C)N)cc2)ncc1F,0.82,0.64,0.6020893699052683,0.8594796839523207
25,N#Cc1ccc(Nc2nc(Nc3ccc(F)c(Cl)c3)ncc2F)cc1,0.65,0.65,0.7033842169028443,0.8648291933320044
24,Fc1ccc(Nc2nc(Nc3ccc(Br)cc3)ncc2F)cc1F,0.71,0.66,0.6422670765514567,0.8754609353032711
26,Fc1cnc(Nc2ccc(-n3cccc3)cc2)nc1Nc1ccccc1,0.83,0.78,0.5404360498338889,0.871248249644453
27,COc1ccc(Nc2nc(Nc3ccc(S(N)(=O)=O)cc3)ncc2F)cc1,0.77,0.61,0.592892774307837,0.8785811009563693
26,O=C(O)c1ccc(Nc2ncc(F)c(Nc3ccc(F)c(F)c3)n2)cc1,0.89,0.64,0.6355577419544377,0.8762445163914045
28,COc1ccc(Nc2ncc(F)c(Nc3ccc(C(=O)N(C)C)cc3)n2)cc1,0.67,0.61,0.6759107301462921,0.8797217842293027
27,C#Cc1ccc(Nc2nc(Nc3cccc(S(N)(=O)=O)c3)ncc2F)cc1,0.74,0.61,0.5845575932890884,0.8427954734260048
24,COc1cccc(Nc2nc(Nc3ccc(Cl)cc3)ncc2F)c1,0.64,0.59,0.6981404318925082,0.8920833859557727
26,CS(=O)(=O)c1ccc(Nc2ncc(F)c(Nc3cccc(F)c3)n2)cc1,0.76,0.66,0.7072415551815261,0.8735766554851876
23,Fc1cnc(Nc2cccc(Br)c2)nc1Nc1ccc(Br)cc1,0.81,0.72,0.5549861966586516,0.8782456973308016
28,O=c1ncn2nc(Sc3ccc(F)cc3F)ccc2c1-c1c(Cl)cccc1Cl,0.68,0.48,0.4261443688183634,0.8053568377833437
23,N#CC(C(=N)Sc1ccc(N)cc1)c1ccccc1C(F)(F)F,0.74,0.64,0.3705542343606363,0.7484050075771911
28,CC[C@H]1CC[C@H](Nc2nccc(-c3ccc4nn(C)c(C(C)C)c4c3)n2)CC1,0.62,0.6,0.6345944901001718,0.8112011488836358
29,COC[C@H]1CC[C@H](Nc2nccc(-c3ccc4nn(C)c(C(C)C)c4c3)n2)CC1,0.61,0.55,0.6533592103695504,0.8055306301800635
25,CC(C)c1c2cc(-c3ccnc(NC4CCCC4)n3)ccc2nn1C,0.61,0.52,0.7620539821666104,0.8232011446983218
26,CC(C)c1c2cc(-c3ccnc(NC4CCCCC4)n3)ccc2nn1C,0.61,0.51,0.7278065001679979,0.8235756635638667
29,CCN[C@H]1CC[C@H](Nc2nccc(-c3ccc4nn(C)c(C(C)C)c4c3)n2)CC1,0.6,0.6,0.6470224701857433,0.8047708526082378
23,CC(C)c1c2cc(-c3ccnc(NC4CC4)n3)ccc2nn1C,0.6,0.53,0.7977253485192223,0.8218349101692453
27,CC(C)c1c2cc(-c3ccnc(NC4CCN(C)CC4)n3)ccc2nn1C,0.59,0.54,0.7655207725860388,0.8126489857032014
27,CC(C)c1c2cc(-c3ccnc(NC4CCC(N)CC4)n3)ccc2nn1C,0.59,0.53,0.7350297833982004,0.8042152194694351
27,CC(C)c1c2cc(-c3ccnc(N[C@H]4CC[C@H](N)CC4)n3)ccc2nn1C,0.59,0.53,0.7350297833982004,0.8042152194694351
27,CC(C)c1c2cc(-c3ccnc(N[C@H]4CC[C@@H](N)CC4)n3)ccc2nn1C,0.59,0.53,0.7350297833982004,0.8042152194694351
26,CN1CCN(c2ccc(Nc3ncc4ccc(=O)n(C)c4n3)cc2)CC1,0.6,0.61,0.7773122947385196,0.8559453045895078
23,N#Cc1ccc(Nc2ncc3ccc(=O)n(C4CC4)c3n2)cc1,0.65,0.57,0.8039845004514604,0.8506480283331326
23,Cn1c(=O)ccc2cnc(Nc3ccc(N4CCC4)cc3)nc21,0.58,0.63,0.804094760759799,0.8645727369578413
24,CN(C)C(=O)c1ccc(Nc2ncc3ccc(=O)n(C)c3n2)cc1,0.69,0.55,0.7944554425546863,0.8610325331961595
26,CN(C)C(=O)c1ccc(Nc2ncc3ccc(=O)n(C4CC4)c3n2)cc1,0.65,0.59,0.7829527899939577,0.8538318715020472
22,O=c1ccc2cnc(Nc3ccc(F)cc3)nc2n1C1CC1,0.62,0.56,0.8068424369552883,0.8663999688595911
23,COc1ccc(Nc2ncc3ccc(=O)n(C4CC4)c3n2)cc1,0.67,0.58,0.8023387152807574,0.8698237859088904
25,CN1CCN(c2ccc(Nc3ncc4ccc(=O)[nH]c4n3)cc2)CC1,0.6,0.62,0.7596018160441489,0.852995360832264
23,O=c1ccc2cnc(Nc3ccc(F)cc3)nc2n1C1CCC1,0.56,0.56,0.805236685228065,0.8642690073541116
22,O=c1ccc2cnc(Nc3ccc(N4CCC4)cc3)nc2[nH]1,0.57,0.61,0.7746645683875749,0.860610358816856
24,COc1ccc(Nc2ncc3ccc(=O)n(C4CCC4)c3n2)cc1,0.61,0.57,0.7981681557308822,0.8673246345622387
26,O=c1ccc2cnc(Nc3ccc(N4CCC4)cc3)nc2n1C1CCC1,0.51,0.59,0.782858608522106,0.8550168943330976
29,CN1CCN(c2ccc(Nc3ncc4ccc(=O)n(C5CCC5)c4n3)cc2)CC1,0.51,0.6,0.7387542007781004,0.8459684275232827
25,C#Cc1cccc(Nc2ncnc3cc(OCCOC)c(Cl)cc23)c1,0.78,0.56,0.5352407071615334,0.8439635378607149
25,C#Cc1cccc(Nc2ncnc3cc(Cl)c(OCCOC)cc23)c1,0.78,0.58,0.5352407071615333,0.8437881105102877
25,C#Cc1cccc(Nc2ncnc3cc(OCCOC)c(F)cc23)c1,0.8,0.63,0.5508649563512898,0.842612896835074
25,C#Cc1cccc(Nc2ncnc3cc(F)c(OCCOC)cc23)c1,0.8,0.63,0.5508649563512898,0.8416000763222533
26,C#Cc1cccc(Nc2ncnc3cc(OCCOC)c(OC)cc23)c1,0.8,0.69,0.5209687742410436,0.8499172020254052
26,C#Cc1cccc(Nc2ncnc3cc(OC)c(OCCOC)cc23)c1,0.8,0.69,0.5209687742410436,0.8499172020254052
21,CNc1ncc2ncnc(Nc3ccc(F)c(Cl)c3)c2n1,0.6,0.45,0.7744962286121506,0.8424985720887332
21,CNc1ncc2ncnc(Nc3ccc(F)c(F)c3)c2n1,0.6,0.44,0.7708607392968162,0.8428483156784767
26,CN1CCC(Nc2ncc3ncnc(Nc4ccc(F)cc4)c3n2)CC1,0.58,0.51,0.7465112756131639,0.8428809564113701
22,Fc1cccc(Nc2ncnc3cnc(NC4CC4)nc23)c1,0.61,0.46,0.7707553961783623,0.850229108816856
21,c1ccc(Nc2ncnc3cnc(NC4CC4)nc23)cc1,0.61,0.43,0.7639452733360761,0.8633805406577986
23,Fc1ccc(Nc2ncnc3cnc(NC4CC4)nc23)cc1F,0.63,0.5,0.7707875182363093,0.8432202894053938
29,CSc1nc(-c2ccnc(NC(C)c3ccccc3)c2)c(-c2ccc(F)cc2)[nH]1,0.71,0.66,0.3772429598436912,0.7988150948570291
23,N#Cc1ccc(Nc2cc(-c3cccc(C#N)c3)ncn2)cc1,0.52,0.53,0.7974363248997642,0.865873154450796
27,NC(=O)c1cccc(-c2cc(Nc3ccc(OC(F)(F)F)cc3)ncn2)c1,0.77,0.44,0.7072548920918891,0.8652485098632516
22,N#Cc1ccc(Nc2cc(-c3ccc(F)cc3)ncn2)cc1,0.56,0.62,0.7943637961399361,0.8880158876630099
22,COc1ccc(-c2cc(Nc3ccc(F)cc3)ncn2)cc1,0.55,0.55,0.7889554290234893,0.90779088766301
20,Fc1ccc(Nc2cc(-c3ccncc3)ncn2)cc1,0.68,0.62,0.7887769354569395,0.8899096023373558
21,Fc1ccc(Nc2cc(-c3ccc(Cl)cc3)ncn2)cc1,0.59,0.56,0.7628118862403356,0.9064756633035296
21,Fc1ccc(Nc2cc(-c3ccc(F)cc3)ncn2)cc1,0.6,0.62,0.7837517154076078,0.905824465321184
22,COc1cccc(-c2cc(Nc3ccc(F)cc3)ncn2)c1,0.57,0.59,0.7889554290234893,0.9013973780476257
23,NC(=O)c1ccc(Nc2cc(-c3cccc(Cl)c3)ncn2)cc1,0.56,0.52,0.7673781232936939,0.8904389374240418
22,N#Cc1ccc(-c2cc(Nc3ccc(F)cc3)ncn2)cc1,0.56,0.62,0.7943637961399361,0.8880158876630099
23,NC(=O)c1ccc(Nc2cc(-c3cccc(F)c3)ncn2)cc1,0.59,0.56,0.77565064862791,0.8892787975639018
23,NC(=O)c1cccc(-c2cc(Nc3ccc(Cl)cc3)ncn2)c1,0.55,0.54,0.7673781232936939,0.8904279817130861
37,Cc1cnc(Nc2ccc(OCCN3CCCC3)cc2)nc1Nc1cccc(S(=O)(=O)NC(C)(C)C)c1,0.56,0.73,0.3463330582394302,0.8310406813670421
38,Cc1ccccc1OC(=O)N(c1ccnc(Nc2ccc(N3CCN(C)CC3)cc2)n1)c1ccccc1C,0.55,0.43,0.3462166761576239,0.8270996089628471
29,COC(=O)N(c1ccnc(Nc2ccc(OC)cc2)n1)c1ccc(OC)cc1F,0.52,0.47,0.6631426223059537,0.8479333743650587
38,Cc1ccccc1OC(=O)N(c1ccnc(Nc2ccc(N3CCN(C)CC3)cc2)n1)c1ccccc1F,0.55,0.49,0.3522864301400928,0.8252489795922175
28,Cc1ccc(F)c(NC(=O)Nc2ccc(-c3cccc4n[nH]c(N)c34)cc2)c1,0.71,0.46,0.4098564168765686,0.8606792258067126
14,O=[N+]([O-])/C=C/c1ccc2c(c1)OCO2,0.64,0.73,0.5289547551768387,0.846802627230788
25,Fc1ccc(Cl)cc1-c1nc(Nc2ccncc2)c2nccnc2n1,0.4,0.37,0.5998369578834515,0.8368552133085547
23,O[C@H]1CC[C@@H](Nc2ncc(F)c(Nc3ccccc3F)n2)CC1,0.78,0.7,0.8068019099959494,0.8535890539741584
25,NC(=O)c1cccc(Nc2nc(Nc3ccccc3Cl)ncc2F)c1,0.7,0.67,0.644469381672002,0.876917384014561
23,O[C@H]1CC[C@H](Nc2ncc(F)c(Nc3cccc(I)c3)n2)CC1,0.81,0.63,0.6488007787305355,0.8351389374240418
25,NC(=O)c1ccc(NC2CCCCC2N)nc1Nc1cccc(Cl)c1,0.73,0.74,0.6552329824100205,0.7697522505690659
24,Clc1cnc(NC2CC2)nc1Nc1cccc(-c2ccccc2)c1,0.76,0.62,0.6789956829415683,0.8859018984577636
24,Clc1cnc(NC2CC2)nc1Nc1ccc(-c2ccccc2)cc1,0.74,0.65,0.6789956829415683,0.8914629973588626
25,NC(=O)c1cnc(Nc2ccccc2F)nc1Nc1cccc(F)c1,0.71,0.71,0.6617366011050438,0.8768874815226868
24,NCCNc1ncc(C(N)=O)c(Nc2cccc(C(F)(F)F)c2)n1,0.8,0.72,0.6355180522754641,0.8476335734494386
25,NC(=O)c1ccc(N[C@@H]2CCCC[C@H]2N)nc1Nc1cccc(Cl)c1,0.73,0.74,0.6552329824100205,0.7697522505690659
25,NC(=O)c1cnc(NC2CCC(O)CC2)nc1Nc1cccc(F)c1,0.72,0.61,0.6604668429525734,0.8476688466364463
25,NC(=O)c1ccc(N[C@H]2CCCC[C@H]2N)nc1Nc1cccc(Cl)c1,0.73,0.74,0.6552329824100205,0.7697522505690659
21,NCCNc1ncc(C(N)=O)c(Nc2cccc(Br)c2)n1,0.73,0.6,0.6255256157716116,0.8532745390596155
25,NC(=O)c1cnc(NC2CCC(O)CC2)nc1Nc1cccc(Br)c1,0.71,0.62,0.6075265958714485,0.8428187924652654
25,NC(=O)c1cnc(N[C@H]2CC[C@H](O)CC2)nc1Nc1cccc(F)c1,0.72,0.61,0.6604668429525734,0.8476688466364463
27,NC(=O)c1cccc(Nc2nc(N[C@H]3CCCC[C@@H]3N)ccc2C(N)=O)c1,0.62,0.6,0.5237307678486166,0.7638383573152875
25,NC(=O)c1cnc(NC2CCCCC2N)nc1Nc1cccc(Cl)c1,0.64,0.55,0.6504188439508136,0.7680660100490225
23,NC1CCC(Nc2ncc(Cl)c(Nc3cccc(F)c3)n2)CC1,0.69,0.6,0.7940131306698844,0.8497489607340649
25,NC(=O)c1cnc(NC2CCC(N)CC2)nc1Nc1cccc(Br)c1,0.67,0.58,0.6075362940228677,0.8400406776223617
24,NCCNc1ncc(Cl)c(Nc2cccc(-c3ccccc3)c2)n1,0.72,0.52,0.6344477049911724,0.8770326676885328
28,N[C@@H]1CCCC[C@H]1Nc1ncc(F)c(Nc2cccc(-c3ccccc3)c2)n1,0.6,0.58,0.6003854724751857,0.7809204070693538
28,NC1CCC(Nc2ncc(Cl)c(Nc3cccc(-c4ccccc4)c3)n2)CC1,0.74,0.61,0.5534426641461682,0.858585590722285
25,NC(=O)c1ccc(N[C@H]2CCCC[C@@H]2N)nc1Nc1cccc(Cl)c1,0.73,0.74,0.6552329824100205,0.7697522505690659
25,NC(=O)c1cnc(N[C@H]2CC[C@@H](O)CC2)nc1Nc1cccc(Br)c1,0.71,0.62,0.6075265958714485,0.8428187924652654
23,O[C@H]1CC[C@H](Nc2ncc(F)c(Nc3cccc(Br)c3)n2)CC1,0.77,0.62,0.7510108994010689,0.846913762598867
28,O[C@H]1CC[C@H](Nc2ncc(F)c(Nc3cccc(-c4ccccc4)c3)n2)CC1,0.7,0.64,0.5981053251001013,0.8605030391275383
25,NC(=O)c1cnc(N[C@H]2CC[C@H](O)CC2)nc1Nc1ccccc1Cl,0.69,0.58,0.6508155993985176,0.8495678715551895
25,NC(=O)c1cnc(N[C@@H]2CCCC[C@@H]2N)nc1Nc1cccc(Cl)c1,0.64,0.55,0.6504188439508136,0.7680660100490225
25,NC(=O)c1cnc(N[C@H]2CCCC[C@H]2N)nc1Nc1cccc(Cl)c1,0.64,0.55,0.6504188439508136,0.7680660100490225
24,CC(C)(C)c1cccc(Nc2nc(NCCN)ncc2C(N)=O)c1,0.72,0.57,0.6436515417797841,0.8487683053841705
25,NC(=O)c1cnc(N[C@H]2CC[C@H](N)CC2)nc1Nc1cccc(Br)c1,0.67,0.58,0.6075362940228677,0.8400406776223617
26,NCCNc1ncc(C(N)=O)c(Nc2cccc(-c3ccccc3)c2)n1,0.65,0.52,0.5203003646887898,0.8699889968972001
23,N[C@@H]1CCCC[C@H]1Nc1ncc(Cl)c(Nc2cccc(F)c2)n1,0.65,0.58,0.7940131306698844,0.7716568795883827
25,NC(=O)c1cnc(N[C@@H]2CCCC[C@H]2N)nc1Nc1cccc(Cl)c1,0.64,0.55,0.6504188439508136,0.7680660100490225
25,NC(=O)c1cnc(N[C@H]2CC[C@@H](O)CC2)nc1Nc1cccc(F)c1,0.72,0.61,0.6604668429525734,0.8476688466364463
33,Cc1cc(Nc2cc(N3CCN(C)CC3)nc(Sc3ccc(NC(=O)C4CC4)cc3)n2)[nH]n1,0.44,0.33,0.4568163085513306,0.7947118046723636
51,CN([C@@H](Cc1ccc(OS(=O)(=O)c2cccc3cnccc23)cc1)C(=O)N1CCN(c2ccccc2)CC1)S(=O)(=O)c1cccc2cnccc12,0.66,0.72,0.1768741075426486,0.7269705646240954
19,COc1ccc(Nc2nccc(NC3CC3)n2)cc1,0.63,0.45,0.8610663467628341,0.8944905680466153
23,COc1ccc(Nc2nccc(-c3ccc(C#N)cc3)n2)cc1,0.76,0.72,0.7940574796578044,0.8995624770684769
16,COc1ccc(Nc2nccc(Cl)n2)cc1,0.63,0.43,0.8314242336728819,0.9056274269308244
21,COc1ccc(Nc2nccc(-c3cccnc3)n2)cc1,0.79,0.68,0.7931604228731318,0.9034242131143744
20,Fc1cccc(Nc2nccc(-c3ccccc3)n2)c1,0.92,0.6,0.7766543901704422,0.9182431095081512
21,Fc1cccc(Nc2nccc(Nc3ccccc3)n2)c1,0.8,0.57,0.7549981290947186,0.9035123024443992
21,Fc1ccc(Nc2ccnc(Nc3ccccc3)n2)cc1,0.74,0.59,0.7549981290947186,0.9104214835858384
21,Fc1cccc(Nc2ccnc(Nc3ccccc3)n2)c1,0.8,0.57,0.7549981290947186,0.9035123024443992
21,Fc1ccccc1Nc1ccnc(Nc2ccccc2)n1,0.81,0.59,0.7549981290947186,0.9047795481019674
23,COc1ccc(Nc2nccc(Nc3cccc(F)c3)n2)cc1,0.73,0.57,0.7423816573436288,0.8978086309146308
24,CS(=O)(=O)Nc1ccc(Nc2nccc(-c3ccccc3)n2)cc1,0.83,0.9,0.7446314799831821,0.9000443670037104
22,COc1cccc(-c2ccnc(Nc3ccc(F)cc3)n2)c1,0.86,0.71,0.7889554290234893,0.9110175703553176
21,COc1ccc(Nc2nccc(-c3ccccc3)n2)cc1,0.86,0.7,0.7854290999210233,0.9268716076553176
23,CC(C)(C)c1ccc(Nc2nccc(-c3ccccc3)n2)cc1,0.93,0.81,0.7237113226326242,0.9079165598016642
22,CN(C)c1ccc(Nc2nccc(-c3ccccc3)n2)cc1,0.86,0.76,0.7895387536123151,0.907870935739933
20,Clc1ccc(Nc2nccc(-c3ccccc3)n2)cc1,0.92,0.76,0.7657023045039479,0.9261768774351392
22,NC(=O)c1ccc(Nc2nccc(-c3ccccc3)n2)cc1,0.81,0.88,0.7736673533089602,0.91432213766301
25,c1ccc(-c2ccnc(Nc3ccc(N4CCNCC4)cc3)n2)cc1,0.84,0.83,0.7681721458890008,0.8874375891427663
28,NC1CCN(C(=O)c2ccc(Nc3nccc(-c4ccccc4)n3)cc2)CC1,0.78,0.68,0.7316995279791373,0.88180585338645
27,OC1CCN(c2ccc(Nc3nccc(-c4cccc(F)c4)n3)cc2)CC1,0.87,0.79,0.7330380684486318,0.8731466880009034
20,Clc1ccc(-c2ccnc(Nc3ccccc3)n2)cc1,0.92,0.66,0.7657023045039479,0.9250723142017626
21,Fc1ccc(Nc2nccc(-c3cccc(F)c3)n2)cc1,0.88,0.75,0.7837517154076079,0.9086751588899102
24,NS(=O)(=O)c1ccc(Nc2nccc(-c3ccc(F)cc3)n2)cc1,0.85,0.82,0.758115110949453,0.8955267724073435
22,O=C(O)c1ccc(Nc2nccc(-c3ccccc3)n2)cc1,0.84,0.81,0.768033999138487,0.9188490607399332
24,N#Cc1cccc(-c2ccnc(Nc3ccc(C(N)=O)cc3)n2)c1,0.81,0.77,0.769927336323617,0.8827832744730526
23,FC(F)(F)c1ccc(Nc2nccc(-c3ccncc3)n2)cc1,0.88,0.69,0.7824496648091361,0.8821104991956036
23,O=C(O)c1ccc(Nc2nccc(-c3ccc(F)cc3)n2)cc1,0.83,0.76,0.7678842537177081,0.9096911518762564
26,Fc1cccc(-c2ccnc(Nc3ccc(N4CCOCC4)cc3)n2)c1,0.83,0.85,0.7741946450791714,0.8832268710230742
29,CN1CCN(c2ccc(Nc3nccc(-c4cc5ccccc5s4)n3)cc2)CC1,0.89,0.52,0.5293534438701929,0.8582930846491027
25,CN(C)C(=O)c1ccc(Nc2nccc(-c3ccc(F)cc3)n2)cc1,0.78,0.77,0.7886188718614172,0.896965921392676
25,CS(=O)(=O)Nc1ccc(Nc2nccc(-c3cccc(F)c3)n2)cc1,0.77,0.76,0.7302363574648567,0.8853657047079522
26,Cc1cccc(-c2ccnc(Nc3ccc(N4CCOCC4)cc3)n2)c1,0.8,0.61,0.7727696409376679,0.8856684294646325
24,CC(C)(N)c1ccc(Nc2nccc(-c3cccc(Cl)c3)n2)cc1,0.84,0.59,0.721149299037673,0.8735978131313255
27,CN1CCN(c2ccc(Nc3nccc(-c4cccc(F)c4)n3)cc2)CC1,0.87,0.75,0.7642661715519223,0.8821811573290438
25,Fc1cccc(-c2ccnc(Nc3ccc(N4CCCC4)cc3)n2)c1,0.82,0.81,0.7553268063824122,0.8920697748669519
28,O=C(c1ccc(Nc2nccc(-c3ccccc3)n2)cc1)N1CCC(O)CC1,0.79,0.72,0.7309318953680685,0.8858214256190955
21,Fc1ccc(Nc2nccc(-c3cccc(Cl)c3)n2)cc1,0.92,0.69,0.7628118862403356,0.9099303921812092
24,CC(C)(N)c1ccc(Nc2nccc(-c3ccc(F)cc3)n2)cc1,0.84,0.72,0.7546555186482129,0.8789688538553071
23,CN(C)c1ccc(Nc2nccc(-c3ccc(F)cc3)n2)cc1,0.84,0.72,0.7878539285891696,0.8990456973308016
24,CS(=O)(=O)c1ccc(Nc2nccc(-c3cccc(Cl)c3)n2)cc1,0.85,0.69,0.7633264420807495,0.8926824285159408
21,Nc1ccc(Nc2nccc(-c3ccc(F)cc3)n2)cc1,0.86,0.84,0.7193208138942571,0.9047482988646895
23,FC(F)(F)c1ccc(Nc2nccc(-c3ccccc3)n2)cc1,0.91,0.73,0.7463080506047935,0.9046007089858136
26,CN1CCN(c2ccc(Nc3nccc(-c4ccccc4)n3)cc2)CC1,0.87,0.79,0.7820297811645504,0.8958244734206767
22,CNc1ccc(Nc2nccc(-c3ccc(F)cc3)n2)cc1,0.87,0.77,0.761336624140594,0.900414685739933
23,CNc1nc(Nc2ccc(N3CCCCCC3)cc2)ncc1F,0.67,0.6,0.8990201352761779,0.8739728100191084
22,CCNc1nc(Nc2ccc(N3CCCC3)cc2)ncc1F,0.74,0.59,0.8863180228147246,0.8748658876630098
24,CNc1nc(Nc2ccc(N3CCCC3)cc2)ncc1C(F)(F)F,0.65,0.66,0.8866516651186498,0.8608487181087009
21,CNc1nc(Nc2ccc(N3CCCC3)cc2)ncc1Cl,0.64,0.66,0.9049397620300657,0.8753510731395949
22,CNc1nc(Nc2ccc(C(=O)N3CCC3)cc2)ncc1F,0.63,0.56,0.9061223705126028,0.8787644298466327
18,CCNc1nc(Nc2ccc(Cl)cc2)ncc1F,0.79,0.48,0.8899741750415956,0.8856930069662075
18,CCNc1nc(Nc2ccc(F)cc2)ncc1Cl,0.73,0.57,0.8899741750415956,0.8844703825318183
21,N#Cc1ccc(Nc2ncc(Cl)c(NC3CCC3)n2)cc1,0.67,0.59,0.9000092888027045,0.8634426746528359
18,CCNc1nc(Nc2ccc(Br)cc2)ncc1F,0.79,0.53,0.906390241000152,0.8776016042512753
18,CCNc1nc(Nc2ccc(Cl)cc2)ncc1Cl,0.78,0.49,0.8913296604892182,0.8852492663930551
21,CNc1nc(Nc2ccc(OC)cc2)ncc1C(F)(F)F,0.68,0.54,0.9067576073706086,0.8741443722655678
18,CCNc1nc(Nc2ccc(F)cc2)ncc1F,0.8,0.53,0.8755353774380945,0.8849141231049708
22,CNc1nc(Nc2ccc(C(=O)N(C)C)c(F)c2)ncc1Cl,0.63,0.54,0.9050663635914984,0.8522459517655739
23,CNc1nc(Nc2ccc(N3CCCC3)cc2OC)ncc1Cl,0.52,0.56,0.8725368482316851,0.8590158605009649
21,CNc1nc(Nc2ccc(C(=O)N3CC3)cc2)ncc1F,0.72,0.56,0.8399435164817095,0.8829767554872556
22,CCNc1nc(Nc2ccc(C(=O)N3CC3)cc2)ncc1F,0.73,0.51,0.8289500130415409,0.8819016506903051
22,COc1cc(F)ccc1Nc1ncc(Cl)c(NC2CCC2)n1,0.63,0.62,0.8714344120172253,0.8638254720302554
25,CNc1nc(Nc2ccc(C(=O)OC)cc2OC)ncc1C(F)(F)F,0.51,0.51,0.7964835430350637,0.8535219089014391
19,CNc1nc(Nc2cc(F)ccc2OC)ncc1Cl,0.53,0.55,0.9024234924764426,0.8691637280941149
21,CNc1nc(Nc2cc(OC)c(OC)cc2F)ncc1Cl,0.51,0.53,0.88408702625118,0.8578852210719341
29,N#Cc1cnc2cnc(NCc3cccnc3)cc2c1Nc1ccc(F)c(Cl)c1,0.78,0.78,0.4839998624213619,0.8281098194646747
38,Cc1ncc(NC(=O)c2ccc(CN3CCN(C)CC3)c(F)c2)cc1Nc1nccc(-c2cccnc2)n1,0.6,0.38,0.3815689475336927,0.8199846439278821
25,Oc1ccc(-c2nc(-c3ccncc3)c(-c3ccc(F)cc3)[nH]2)cc1,0.89,0.51,0.5742392441280129,0.8747732322758888
24,Fc1ccc(-c2[nH]c(-c3ccccc3)nc2-c2ccncc2)cc1,0.83,0.51,0.5812741803203268,0.889772977238138
25,Fc1ccc(-c2nc(-c3ccncc3)c(-c3ccc(F)cc3)[nH]2)cc1,0.92,0.58,0.5676361892092908,0.8817405663117159
24,Fc1ccc(-c2[nH]c(-c3ccncc3)nc2-c2ccncc2)cc1,0.92,0.58,0.6114945976805125,0.8688665850387882
18,Fc1ccc(Nc2nccc(NC3CC3)n2)cc1,0.69,0.59,0.8677922939691485,0.8902115009910365
23,N#Cc1ccc(Nc2nccc(Nc3ccc(F)cc3)n2)cc1,0.66,0.55,0.76252875328904,0.8853126492843207
23,N#Cc1ccc(Nc2ccnc(Nc3ccc(F)cc3)n2)cc1,0.66,0.55,0.76252875328904,0.8853126492843207
23,N#Cc1ccc(Nc2nccc(Nc3cccc(F)c3)n2)cc1,0.72,0.58,0.76252875328904,0.878919078675825
23,COc1ccc(-c2ccnc(Nc3ccc(C#N)cc3)n2)cc1,0.76,0.72,0.7940574796578045,0.8995624770684769
21,Fc1ccc(Nc2ccnc(Nc3cccnc3)n2)cc1,0.75,0.57,0.7660319493971077,0.885355726762017
23,N#Cc1ccc(Nc2ccnc(Nc3cccc(F)c3)n2)cc1,0.72,0.58,0.76252875328904,0.878919078675825
24,Cc1ccc(Nc2ccnc(Nc3ccc(C#N)cc3)n2)cc1C,0.63,0.52,0.7436713516966602,0.8770606434808563
23,N#Cc1ccc(Nc2nccc(Nc3ccccc3F)n2)cc1,0.68,0.66,0.76252875328904,0.8800917537619328
21,N#Cc1ccc(Nc2nccc(-c3ccccc3)n2)cc1,0.83,0.84,0.7882008929093238,0.9064587044295108
22,N#Cc1ccc(Nc2nccc(-c3ccc(F)cc3)n2)cc1,0.82,0.8,0.7943637961399361,0.8976360799707022
27,Cn1c(=O)n(C2CCCC2)c2nc(Nc3ccc(N4CCC4)cc3)ncc21,0.61,0.49,0.7699406750036273,0.8425595085137242
25,Cn1c(=O)n(C2CCCC2)c2nc(Nc3ccc(C#N)cc3)ncc21,0.67,0.42,0.795411664009601,0.8363502899974671
27,Cn1c(=O)n(C2CCCC2)c2nc(Nc3ccc(C(C)(C)C)cc3)ncc21,0.69,0.42,0.7520347000879692,0.8395315058146687
28,CN(C)C(=O)c1ccc(Nc2ncc3c(n2)n(C2CCCC2)c(=O)n3C)cc1,0.66,0.46,0.7521734481678489,0.8390557667025258
24,Cn1c(=O)n(C2CCCC2)c2nc(Nc3ccc(F)cc3)ncc21,0.57,0.49,0.8025519758328366,0.8507377895232199
25,COc1ccc(Nc2ncc3c(n2)n(C2CCCC2)c(=O)n3C)cc1,0.67,0.44,0.7908230704406909,0.853928067775245
28,Cn1c(=O)n(C2CCCC2)c2nc(Nc3ccc(N4CCCC4)cc3)ncc21,0.61,0.5,0.7514076847021267,0.8417790241181573
27,Cn1c(=O)n(C2CCCC2)c2nc(Nc3ccc(C(F)(F)F)cc3)ncc21,0.71,0.4,0.749160475859961,0.8366519511587983
24,Cn1c(=O)n(C2CCCC2)c2nc(Nc3ccc(Br)cc3)ncc21,0.68,0.44,0.7424149800970016,0.845332884283532
34,Cn1c(Nc2ccc(Cl)cc2)nc2cc(Oc3ccnc(-c4ncc(C(F)(F)F)[nH]4)c3)ccc21,0.4,0.33,0.2948399728770532,0.8025114849285908
34,Cn1c(Nc2ccccc2F)nc2cc(Oc3ccnc(-c4ncc(C(F)(F)F)[nH]4)c3)ccc21,0.37,0.35,0.3070000159873631,0.7985820638342209
34,Cn1c(Nc2ccc(F)cc2)nc2cc(Oc3ccnc(-c4ncc(C(F)(F)F)[nH]4)c3)ccc21,0.37,0.36,0.307000015987363,0.8021019686716515
23,COc1ccc(Nc2ncnc3cc(OC)c(OC)cc23)cc1,0.77,0.59,0.7788137840520667,0.9036979117830162
23,COc1cc2ncnc(Nc3ccc(F)c(F)c3)c2cc1OC,0.77,0.52,0.7954790471994625,0.8866398805834466
23,C#Cc1cccc(Nc2ncnc3cc(OC)c(OC)cc23)c1,0.8,0.58,0.7489468819361764,0.8649401029252073
26,COCCOc1cc2c(Nc3ccc(OC)cc3)ncnc2cc1OC,0.7,0.53,0.6206248183869041,0.884024073820277
26,COCCOc1cc2c(Nc3cccc(C#N)c3)ncnc2cc1OC,0.73,0.57,0.6540454577789115,0.8627477661279693
27,C#Cc1cccc(Nc2ncnc3cc(OCCC4CC4)c(OC)cc23)c1,0.73,0.53,0.62767287568432,0.8419709483559331
29,CCN(CC)CCNC(=O)c1c(C)[nH]c(/C=C2\C(=O)Nc3ccc(F)cc32)c1C,0.86,0.85,0.6263032743124629,0.816983683933539
27,Cc1[nH]c(/C=C2\C(=O)Nc3ccc(F)cc32)c(C)c1C(=O)NCCN(C)C,0.74,0.77,0.7081579472551803,0.8224712202254357
23,CNc1nc(Nc2ccc(N3CCN(C)CC3)cc2)ncc1Cl,0.7,0.63,0.8974607726900786,0.8673202894053937
27,CN1CCN(c2ccc(Nc3nccc(-c4ccc(F)cc4)n3)cc2)CC1,0.8,0.79,0.7642661715519223,0.8877735623923348
23,COc1nc(Nc2ccc(N3CCN(C)CC3)cc2)ncc1Cl,0.55,0.68,0.92797768615174,0.8688564199415243
30,O=C(O)c1cccc(Oc2nc(Nc3ccc(N4CCOCC4)cc3)ncc2F)c1,0.6,0.69,0.6352360862891412,0.8560050956845571
29,CN1CCN(c2ccc(Nc3ncc(Cl)c(Oc4ccccc4F)n3)cc2)CC1,0.58,0.7,0.6615313610314815,0.8582231894280444
30,COc1ccccc1Oc1nc(Nc2ccc(N3CCN(C)CC3)cc2)ncc1Cl,0.57,0.67,0.6264438751532349,0.8607078366217807
24,NC(=O)c1ccc(Nc2ncc(Cl)c(Oc3ccccc3)n2)cc1,0.67,0.58,0.7375400739494293,0.8838133748075008
28,CN1CCN(c2ccc(Nc3ncc(Cl)c(-c4cccc(F)c4)n3)cc2)CC1,0.53,0.75,0.7050531993752945,0.8671298359681562
29,CN1CCN(c2ccc(Nc3ncc(Cl)c(Oc4ccccc4Cl)n3)cc2)CC1,0.55,0.7,0.6101220553074294,0.859148097852953
30,O=C(O)c1ccc(Oc2nc(Nc3ccc(N4CCOCC4)cc3)ncc2Cl)cc1,0.59,0.62,0.6049091904504675,0.8589713202645748
30,O=C(COc1nc(Nc2ccc(N3CCOCC3)cc2)ncc1Cl)c1ccccc1,0.54,0.63,0.57477012909782,0.8579669878154148
27,Fc1ccc(-c2nc(Nc3ccc(N4CCOCC4)cc3)ncc2Cl)cc1,0.55,0.75,0.7164811956527732,0.8738549645344966
31,CNC(=O)c1cccc(Oc2nc(Nc3ccc(N4CCOCC4)cc3)ncc2F)c1,0.54,0.73,0.6285863049494143,0.8509742893433234
28,CN1CCN(c2ccc(Nc3ncc(Cl)c(-c4ccc(F)cc4)n3)cc2)CC1,0.55,0.69,0.7050531993752944,0.8728732357782226
31,Cc1ccc(NC(=O)c2cc(F)cc(F)c2)cc1Nc1nccc(-c2cnn(C)c2)n1,0.59,0.62,0.498032378314385,0.8445921875562215
31,Cc1ccc(NC(=O)c2ccc(C)c(Nc3nccc(-c4cncnc4)n3)c2)cc1F,0.64,0.61,0.4923642066632496,0.8535005104131399
31,Cc1ccc(C(=O)Nc2ccc(F)c(F)c2)cc1Nc1nccc(-c2cncnc2)n1,0.58,0.56,0.4952302511561524,0.8524693954606766
31,Cc1ccc(C(=O)Nc2ccc(C)c(Nc3nccc(-c4cncnc4)n3)c2)cc1F,0.64,0.61,0.4923642066632496,0.8523606659879022
37,CN1CCC(Oc2ccc(NC(=O)c3cccc(Nc4nccc(-c5cnn(C)c5)n4)c3)cc2F)CC1,0.65,0.61,0.3852631672290137,0.82373824187507
31,COc1ccc(NC(=O)c2cccc(Nc3nccc(-c4cncnc4)n3)c2)cc1F,0.61,0.58,0.4883021516933355,0.8589736055826395
26,Cc1ccc(NC(=O)C2CC2)cc1Nc1nccc(-c2cncnc2)n1,0.65,0.5,0.7359600898568429,0.8574993558715591
30,Cc1ccc(NC(=O)c2ccc(F)cc2)cc1Nc1nccc(-c2cncnc2)n1,0.65,0.54,0.5165585235952626,0.8635518684520195
27,NC(=O)c1ccc(Nc2ncc(Cl)c(Nc3ccccc3C(N)=O)n2)cc1,0.89,0.93,0.5171185931704161,0.8726400078389605
25,NC(=O)c1ccccc1Nc1nc(Nc2cccc(Cl)c2)ncc1Cl,0.82,0.82,0.6167643952262964,0.8764454446862838
29,OC1CCN(c2ccc(Nc3ncc(Cl)c(Nc4ccccc4Cl)n3)cc2)CC1,0.77,0.7,0.5148532597421359,0.8590741051789603
33,O=C(C1CC1)N1CCN(c2ccc(Nc3ncc(Cl)c(Nc4ccccc4F)n3)cc2)CC1,0.78,0.74,0.5425531429535613,0.8551516427290439
26,CNC(=O)c1ccc(Nc2ncc(Cl)c(Nc3ccccc3Cl)n2)cc1,0.78,0.73,0.5940645621808116,0.8809720987683021
30,COc1ccccc1Nc1nc(Nc2ccc(N3CCC(O)CC3)cc2)ncc1Cl,0.75,0.68,0.5324695549933,0.8597752106270858
31,CN1CCN(c2ccc(Nc3ncc(Cl)c(Nc4ccccc4C(N)=O)n3)cc2)CC1,0.86,0.87,0.542552351390608,0.8579974853483172
31,NC(=O)C1CCN(c2ccc(Nc3ncc(Cl)c(Nc4ccccc4F)n3)cc2)CC1,0.84,0.77,0.5234215014892056,0.8565566901884208
39,COc1cc(C(=O)NC2CCN(C)CC2)ccc1Nc1ncc2c(n1)N(C1CCCC1)CC(F)(F)C(=O)N2C,0.52,0.42,0.5717040912167799,0.7839874203816886
30,CN1C(=O)C(F)(F)CN(C2CCCC2)c2nc(Nc3ccc(C(=O)O)cc3)ncc21,0.47,0.43,0.7877102239269937,0.8124957423941692
25,NC(=O)c1ccccc1Nc1nc(Nc2ccc(N)cc2)ncc1Cl,0.76,0.89,0.5218125975342948,0.8719453363439218
30,NC(=O)c1ccccc1Nc1nc(Nc2ccc(N3CCCCC3)cc2)ncc1Cl,0.75,0.83,0.5321307360802995,0.8648705245086066
26,NC(=O)c1ccccc1Nc1nc(Nc2ccc(Cl)cc2F)ncc1Cl,0.67,0.83,0.5943053219899761,0.8650988894156407
30,NC(=O)c1ccccc1Nc1nc(Nc2ccc(N3CCOCC3)cc2)ncc1Cl,0.76,0.94,0.555193668815431,0.859171673933894
27,CN(C)S(=O)(=O)c1ccccc1Nc1nc(Nc2ccccc2)ncc1Cl,0.84,0.66,0.6492640101774068,0.867806404600094
28,Cc1cc(Nc2ncc(Cl)c(Nc3ccc(Cl)cc3)n2)ccc1C1CN(C)C1,0.57,0.6,0.5686701613201137,0.8448565456703933
24,C#Cc1ccc(Nc2ncc(Cl)c(Nc3ccccc3Cl)n2)cc1,0.73,0.71,0.6276770919831779,0.8605139322211017
29,Cc1cc(Nc2ncc(Cl)c(Nc3ccc(F)cc3)n2)ccc1C1CCNCC1,0.6,0.66,0.5147516806111382,0.8430806985855538
30,CNS(=O)(=O)c1ccccc1Nc1nc(Nc2ccc(C(C)(C)C)cc2)ncc1Cl,0.77,0.78,0.5028637527688835,0.848615273264905
30,COc1cc(N2CCCC2)ccc1Nc1ncc(Cl)c(Nc2ccccc2OC)n1,0.64,0.61,0.5362250884908039,0.8616790125722671
27,CNC(=O)c1ccccc1Nc1nc(Nc2ccc(Cl)cc2F)ncc1Cl,0.65,0.7,0.5691045227718098,0.8624280645191222
30,CN(C)C(=O)c1ccccc1Nc1nc(Nc2ccc(C3COC3)cc2)ncc1Cl,0.61,0.68,0.6100693560033296,0.8409596574986727
31,NC(=O)c1ccccc1Nc1nc(Nc2ccc(C3CCOCC3)cc2F)ncc1Cl,0.59,0.75,0.509852528236914,0.8325613574312902
29,Cc1cc(Nc2ncc(Cl)c(Nc3ccccc3F)n2)ccc1C1CCNCC1,0.54,0.7,0.5147516806111382,0.8391264861313412
27,Clc1cc(C2COC2)ccc1Nc1ncc(Cl)c(Nc2ccccc2Cl)n1,0.59,0.55,0.525892804873203,0.8407928418470577
25,O=CNc1ccc(Nc2ncc(Cl)c(Nc3ccccc3Cl)n2)cc1,0.7,0.76,0.5383987934958953,0.8622015720487491
28,CNS(=O)(=O)c1ccc(Nc2ncc(Cl)c(Nc3ccccc3OC)n2)cc1,0.71,0.57,0.5374914071462658,0.8693601483967809
28,Cc1cc(Nc2ncc(Cl)c(Nc3ccccc3)n2)ccc1C1CCNCC1,0.57,0.58,0.5418640360489362,0.8491799622044613
25,COc1ccccc1Nc1nc(Nc2ccc(F)cc2Cl)ncc1Cl,0.64,0.59,0.6201577540745347,0.8759130503200867
27,COc1ccccc1Nc1nc(Nc2ccc(N3CCC3)cc2)ncc1Cl,0.7,0.71,0.6369027190442779,0.8800833743914362
28,NC(=O)c1ccccc1Nc1nc(Nc2ccc(C3COC3)cc2)ncc1Cl,0.7,0.81,0.5858379792044098,0.8485461488836358
31,Cc1cc(Nc2ncc(Cl)c(Nc3ccccc3C(N)=O)n2)ccc1C1CCOCC1,0.63,0.77,0.5055361101680464,0.8338706054866061
29,CC(C)(C)c1ccc(Nc2ncc(Cl)c(Nc3ccccc3C(N)=O)n2)c(F)c1,0.61,0.78,0.5372826426811617,0.8498707993181545
27,Cc1cc(Nc2ncc(Cl)c(Nc3ccc(F)cc3)n2)ccc1C1COC1,0.61,0.62,0.6344296406986213,0.8468415930958086
28,CNC(=O)c1ccc(Nc2ncc(Cl)c(Nc3ccccc3OC)n2)c(F)c1,0.61,0.63,0.5753944308316072,0.865835124054035
25,COc1ccccc1Nc1nc(Nc2ccc(Cl)cc2F)ncc1Cl,0.62,0.61,0.6201577540745347,0.8761390524869337
26,COc1ccc(Nc2ncc(Cl)c(Nc3ccccc3OC)n2)cc1C,0.68,0.65,0.6399530748913048,0.8809602484564516
31,COc1ccccc1Nc1nc(Nc2ccc(N3CCN(C)CC3)c(F)c2)ncc1Cl,0.67,0.66,0.5815336334258425,0.8556737169818524
26,NC(=O)c1ccccc1Nc1nc(Nc2ccc(O)c(F)c2)ncc1Cl,0.84,0.83,0.5084501356505271,0.8595753909962516
28,CN(C)S(=O)(=O)c1ccccc1Nc1nc(Nc2ccccc2F)ncc1Cl,0.62,0.64,0.6249972762422823,0.8564380177199276
28,CC(C)S(=O)(=O)c1ccccc1Nc1nc(Nc2ccccc2F)ncc1Cl,0.67,0.64,0.5872857711211028,0.8517380177199276
30,CC(C)S(=O)(=O)c1ccccc1Nc1nc(Nc2ccc(C(N)=O)cc2)ncc1Cl,0.8,0.78,0.5027877922752526,0.8484656903177318
28,CN(C)c1ccc(Nc2ncc(Cl)c(Nc3ccccc3C(N)=O)n2)c(F)c1,0.65,0.79,0.5799715953657706,0.8494042899092766
32,CN1CCN(c2ccc(Nc3ncc(Cl)c(Nc4ccccc4C(N)=O)n3)cc2F)CC1,0.78,0.82,0.521777694622459,0.8460057724002638
28,NC(=O)c1ccc(Nc2ncc(Cl)c(Nc3ccccc3C(N)=O)n2)c(F)c1,0.63,0.79,0.5018376547377703,0.8568731262011899
26,NC(=O)c1ccccc1Nc1nc(Nc2ccc(F)cc2F)ncc1Cl,0.65,0.81,0.6265499737152721,0.8660908809857142
22,Clc1nc(-c2ccccn2)c(-c2ccc3nccnc3c2)[nH]1,0.44,0.41,0.6124000792127464,0.8278048077813531
28,CN1CC(Nc2ccc(Nc3ncc(F)c(Nc4ccccc4Cl)n3)cc2)C1,0.76,0.64,0.5685449097764583,0.8520042258067126
24,CN1CC(Nc2ccc(Nc3ncc(Cl)c(NC4CC4)n3)cc2)C1,0.74,0.61,0.747715665255502,0.8445240574752167
28,CN1CC(Nc2ccc(Nc3ncc(Cl)c(Nc4cccc(F)c4)n3)cc2)C1,0.66,0.68,0.5685449097764583,0.8508190334990204
30,COc1cc(Nc2nc(Nc3ccc(NC4CN(C)C4)cc3)ncc2F)ccc1F,0.58,0.57,0.5421024443892357,0.8407848158697132
27,CNc1nc(Nc2ccc(NC3CN(C)C3)cc2OC)ncc1C(F)(F)F,0.62,0.52,0.7091764522969513,0.8212716360258516
29,COc1cc(NC2CN(C)C2)ccc1Nc1ncc(F)c(Nc2ccccc2)n1,0.64,0.61,0.5622130262944258,0.848178822951148
31,CN1CC(Nc2ccc(Nc3ncc(F)c(Nc4cccc(C(C)(C)C)c4)n3)cc2)C1,0.66,0.61,0.5140274608612558,0.8383918961809302
28,COc1cc(NC2CNC2)ccc1Nc1ncc(C(F)(F)F)c(NC2CC2)n1,0.61,0.53,0.5740499056369962,0.818226972355036
32,COc1cc(NC2CN(C(C)(C)C)C2)ccc1Nc1ncc(C(F)(F)F)c(NC2CC2)n1,0.6,0.53,0.5638413558632653,0.8018709175115626
28,CNc1nc(Nc2ccc(NC3CN(C(C)(C)C)C3)cc2)ncc1C(F)(F)F,0.65,0.56,0.7073180194190136,0.8158671104220974
29,COc1cc(NC2CN(C)C2)ccc1Nc1ncc(C(F)(F)F)c(NC2CC2)n1,0.62,0.54,0.6470432532529611,0.8188398377796928
31,COc1cc(NC2CN(C)C2)ccc1Nc1ncc(C(F)(F)F)c(NC2CCCC2)n1,0.58,0.52,0.596666797093163,0.817145034996138
30,COc1cc(NC2CN(C)C2)ccc1Nc1ncc(F)c(Nc2cccc(F)c2)n1,0.65,0.53,0.5421024443892358,0.8369887977701658
29,CNc1nc(Nc2ccc(NC3CN(CCF)C3)cc2OC)ncc1C(F)(F)F,0.58,0.51,0.5722807222002586,0.8027150300873852
27,COc1cc(NC2CN(C)C2)ccc1Nc1ncc(F)c(NC2CCC2)n1,0.59,0.56,0.6896718597327061,0.8312238135069765
26,COc1cc(NC2CN(C)C2)ccc1Nc1ncc(F)c(NC2CC2)n1,0.62,0.55,0.7025466739591242,0.8325600063808672
27,COc1cc(NC2CN(C)C2)ccc1Nc1ncc(Cl)c(NC2CCC2)n1,0.6,0.55,0.6690010185869429,0.8303547851668954
28,COc1cc(NC2CN(C)C2)ccc1Nc1ncc(Cl)c(NC2CCCC2)n1,0.58,0.55,0.6466901132089159,0.8303351873451741
30,c1cc(-c2cnn3cc(-c4ccc(OCCN5CCCCC5)cc4)cnc23)ccn1,0.78,0.7,0.4832062985892879,0.8477798083282351
